Month,TotalRevenue,OrderVolume
1,40892.31049,13
2,39606.2899,17
3,43577.0799,14
4,23258.55002,10
5,60893.95056,20
6,35585.6001,11
7,51689.7998,17
8,42991.59033,16
9,43405.43066,14
10,28622.18982,10
11,44745.96016,21
12,45009.57004,17
